fid,begin,end,distance,angle,SAMPLE_HEIGHT1,FOW_NAME
"1","1","115",0,81.0751168608802,196.746871948242,003 - Ungeteilte Fahrbahn
"2","1","115",10,90.6042216820391,196.581314086914,003 - Ungeteilte Fahrbahn
"3","1","115",20,90.6042216820391,196.663757324219,003 - Ungeteilte Fahrbahn
"4","1","115",30,91.8807621280591,196.678756713867,003 - Ungeteilte Fahrbahn
"5","1","115",40,91.8807621280591,196.647918701172,003 - Ungeteilte Fahrbahn
"6","1","115",50,91.8807621280591,196.633438110352,003 - Ungeteilte Fahrbahn
"7","1","115",60,93.3850152905566,196.670043945312,003 - Ungeteilte Fahrbahn
"8","1","115",70,93.3850152905566,196.677688598633,003 - Ungeteilte Fahrbahn
"9","1","115",80,93.3802410409545,196.64729309082,003 - Ungeteilte Fahrbahn
"10","1","115",90,93.3802410409545,196.68132019043,003 - Ungeteilte Fahrbahn
"11","1","115",100,93.3802410409545,196.622848510742,003 - Ungeteilte Fahrbahn
"12","1","115",110,93.3866898851104,196.60905456543,003 - Ungeteilte Fahrbahn
"13","1","115",120,93.3866898851104,196.575531005859,003 - Ungeteilte Fahrbahn
"14","1","115",130,93.3866898851104,196.610916137695,003 - Ungeteilte Fahrbahn
"15","1","115",140,93.3866898851104,196.629653930664,003 - Ungeteilte Fahrbahn
"16","1","115",150,93.3866898851104,196.617370605469,003 - Ungeteilte Fahrbahn
"17","1","115",160,93.3866898851104,196.646697998047,003 - Ungeteilte Fahrbahn
"18","1","115",170,93.3866898851104,196.698440551758,003 - Ungeteilte Fahrbahn
"19","1","115",180,93.3866898851104,196.698471069336,003 - Ungeteilte Fahrbahn
"20","1","115",190,93.3866898851104,196.680282592773,003 - Ungeteilte Fahrbahn
"21","1","115",200,93.3866898851104,196.729629516602,003 - Ungeteilte Fahrbahn
"22","1","115",210,93.3866898851104,196.765258789062,003 - Ungeteilte Fahrbahn
"23","1","115",220,93.3866898851104,196.784866333008,003 - Ungeteilte Fahrbahn
"24","1","115",230,93.3866898851104,196.741989135742,003 - Ungeteilte Fahrbahn
"25","1","115",240,93.3866898851104,196.758148193359,003 - Ungeteilte Fahrbahn
"26","1","115",250,93.3866898851104,196.76628112793,003 - Ungeteilte Fahrbahn
"27","1","115",260,93.3891686781928,196.846237182617,003 - Ungeteilte Fahrbahn
"28","1","115",270,93.3891686781928,196.645706176758,003 - Ungeteilte Fahrbahn
"29","1","115",280,93.3891686781928,196.541625976562,003 - Ungeteilte Fahrbahn
"30","1","115",290,93.3891686781928,196.518798828125,003 - Ungeteilte Fahrbahn
"31","1","115",300,91.429366185764,196.443069458008,003 - Ungeteilte Fahrbahn
"32","1","115",310,91.429366185764,196.343215942383,003 - Ungeteilte Fahrbahn
"33","1","115",320,87.787752619914,196.239761352539,003 - Ungeteilte Fahrbahn
"34","1","115",330,87.787752619914,196.157623291016,003 - Ungeteilte Fahrbahn
"35","1","115",340,85.6220797132874,196.073379516602,003 - Ungeteilte Fahrbahn
"36","1","115",350,82.7813932051923,196.191772460938,003 - Ungeteilte Fahrbahn
"37","1","115",360,83.0724680280485,196.015502929688,003 - Ungeteilte Fahrbahn
"38","1","115",370,83.0724680280485,195.961639404297,003 - Ungeteilte Fahrbahn
"39","1","115",380,81.1698233352819,195.867294311523,003 - Ungeteilte Fahrbahn
"40","1","115",390,81.1698233352819,195.669509887695,003 - Ungeteilte Fahrbahn
"41","1","115",400,81.1698233352819,195.588119506836,003 - Ungeteilte Fahrbahn
"42","1","115",410,81.1618881123332,195.557678222656,003 - Ungeteilte Fahrbahn
"43","1","115",420,81.1618881123332,195.638229370117,003 - Ungeteilte Fahrbahn
"44","1","115",430,81.1618881123332,195.468017578125,003 - Ungeteilte Fahrbahn
"45","1","115",440,81.1629564407952,195.468399047852,003 - Ungeteilte Fahrbahn
"46","1","115",450,81.1629564407952,195.529769897461,003 - Ungeteilte Fahrbahn
"47","1","115",460,81.1629564407952,195.586288452148,003 - Ungeteilte Fahrbahn
"48","1","115",470,81.1629564407952,195.633850097656,003 - Ungeteilte Fahrbahn
"49","1","115",480,81.1629564407952,195.656173706055,003 - Ungeteilte Fahrbahn
"50","1","115",490,81.1629564407952,195.944183349609,003 - Ungeteilte Fahrbahn
"51","1","115",500,81.1629564407952,195.918884277344,003 - Ungeteilte Fahrbahn
"52","1","115",510,81.1629564407952,195.974243164062,003 - Ungeteilte Fahrbahn
"53","1","115",520,81.1629564407952,196.013046264648,003 - Ungeteilte Fahrbahn
"54","1","115",530,81.1629564407952,196.051620483398,003 - Ungeteilte Fahrbahn
"55","1","115",540,81.1629564407952,196.092300415039,003 - Ungeteilte Fahrbahn
"56","1","115",550,81.16808309286,196.43196105957,003 - Ungeteilte Fahrbahn
"57","1","115",560,78.1742777136098,196.453796386719,003 - Ungeteilte Fahrbahn
"58","1","115",570,71.4866005159178,196.446472167969,003 - Ungeteilte Fahrbahn
"59","1","115",580,71.8569830514655,196.446472167969,002 - Fahrbahnteilung (keine Autobahn)
"60","1","115",590,71.8569830514655,196.564178466797,002 - Fahrbahnteilung (keine Autobahn)
"61","1","115",600,71.8569830514655,196.666213989258,002 - Fahrbahnteilung (keine Autobahn)
"62","1","115",610,71.8569830514655,196.468048095703,002 - Fahrbahnteilung (keine Autobahn)
"63","1","115",620,71.8569830514655,196.567001342773,002 - Fahrbahnteilung (keine Autobahn)
"64","1","115",630,71.8569830514655,196.52799987793,002 - Fahrbahnteilung (keine Autobahn)
"65","1","115",640,71.8569830514655,196.519409179688,002 - Fahrbahnteilung (keine Autobahn)
"66","1","115",650,67.7678746949986,196.500030517578,003 - Ungeteilte Fahrbahn
"67","1","115",660,67.7678746949986,196.580001831055,003 - Ungeteilte Fahrbahn
"68","1","115",670,67.7678746949986,196.630111694336,003 - Ungeteilte Fahrbahn
"69","1","115",680,67.7678746949986,196.709808349609,003 - Ungeteilte Fahrbahn
"70","1","115",690,67.7678746949986,196.803970336914,003 - Ungeteilte Fahrbahn
"71","1","115",700,67.7678746949986,196.892227172852,003 - Ungeteilte Fahrbahn
"72","1","115",710,67.7678746949986,197.021133422852,003 - Ungeteilte Fahrbahn
"73","1","115",720,67.7678746949986,197.139694213867,003 - Ungeteilte Fahrbahn
"74","1","115",730,67.7678746949986,197.285217285156,003 - Ungeteilte Fahrbahn
"75","1","115",740,67.7678746949986,197.285217285156,003 - Ungeteilte Fahrbahn
"76","1","115",750,67.7678746949986,197.419067382812,003 - Ungeteilte Fahrbahn
"77","1","115",760,67.7678746949986,197.519424438477,003 - Ungeteilte Fahrbahn
"78","1","115",770,67.7659358123907,197.690017700195,003 - Ungeteilte Fahrbahn
"79","1","115",780,67.7659358123907,197.790985107422,003 - Ungeteilte Fahrbahn
"80","1","115",790,67.7659358123907,197.970596313477,003 - Ungeteilte Fahrbahn
"81","1","115",800,67.7659358123907,198.097579956055,003 - Ungeteilte Fahrbahn
"82","1","115",810,67.7659358123907,198.24299621582,003 - Ungeteilte Fahrbahn
"83","1","115",820,67.7659358123907,198.36669921875,003 - Ungeteilte Fahrbahn
"84","1","115",830,67.7659358123907,198.468322753906,003 - Ungeteilte Fahrbahn
"85","1","115",840,67.7659358123907,198.639739990234,003 - Ungeteilte Fahrbahn
"86","1","115",850,68.1407584930482,198.732543945312,002 - Fahrbahnteilung (keine Autobahn)
"87","1","115",860,68.1407584930482,198.798950195312,002 - Fahrbahnteilung (keine Autobahn)
"88","1","115",870,68.1407584930482,198.792785644531,002 - Fahrbahnteilung (keine Autobahn)
"89","1","115",880,68.1407584930482,198.792785644531,002 - Fahrbahnteilung (keine Autobahn)
"90","1","115",890,68.1407584930482,198.895431518555,002 - Fahrbahnteilung (keine Autobahn)
"91","1","115",900,81.2415226876269,198.85383605957,002 - Fahrbahnteilung (keine Autobahn)
"92","1","115",910,81.2415226876269,198.801895141602,002 - Fahrbahnteilung (keine Autobahn)
"93","1","115",920,81.2415226876269,198.773788452148,002 - Fahrbahnteilung (keine Autobahn)
"94","1","115",930,82.3181498496896,198.748123168945,003 - Ungeteilte Fahrbahn
"95","1","115",940,82.3181498496896,198.759414672852,003 - Ungeteilte Fahrbahn
"96","1","115",950,82.3181498496896,198.976760864258,003 - Ungeteilte Fahrbahn
"97","1","115",960,82.3181498496896,198.946090698242,003 - Ungeteilte Fahrbahn
"98","1","115",970,82.3181498496896,198.947952270508,003 - Ungeteilte Fahrbahn
"99","1","115",980,82.3181498496896,198.864410400391,003 - Ungeteilte Fahrbahn
"100","1","115",990,82.3181498496896,198.792373657227,003 - Ungeteilte Fahrbahn
"101","1","115",1000,82.3181498496896,198.784164428711,003 - Ungeteilte Fahrbahn
"102","1","115",1010,82.3181498496896,198.771286010742,003 - Ungeteilte Fahrbahn
"103","1","115",1020,82.3181498496896,198.710388183594,003 - Ungeteilte Fahrbahn
"104","1","115",1030,81.5250503136547,198.857788085938,003 - Ungeteilte Fahrbahn
"105","1","115",1040,81.5250503136547,198.792495727539,003 - Ungeteilte Fahrbahn
"106","1","115",1050,81.5250503136547,198.781097412109,003 - Ungeteilte Fahrbahn
"107","1","115",1060,81.5250503136547,198.738052368164,003 - Ungeteilte Fahrbahn
"108","1","115",1070,81.5250503136547,198.704162597656,003 - Ungeteilte Fahrbahn
"109","1","115",1080,81.5250503136547,198.665618896484,003 - Ungeteilte Fahrbahn
"110","1","115",1090,81.5250503136547,198.636474609375,003 - Ungeteilte Fahrbahn
"111","1","115",1100,81.5250503136547,198.756149291992,003 - Ungeteilte Fahrbahn
"112","1","115",1110,83.7872531610193,198.728256225586,003 - Ungeteilte Fahrbahn
"113","1","115",1120,83.7872531610193,198.710922241211,003 - Ungeteilte Fahrbahn
"114","1","115",1130,80.6244854884597,198.665466308594,003 - Ungeteilte Fahrbahn
"115","1","115",1140,80.6244854884597,198.666900634766,003 - Ungeteilte Fahrbahn
"116","1","115",1150,80.6244854884597,198.640823364258,003 - Ungeteilte Fahrbahn
"117","1","115",1160,80.6244854884597,198.607452392578,003 - Ungeteilte Fahrbahn
"118","1","115",1170,80.6244854884597,198.662200927734,003 - Ungeteilte Fahrbahn
"119","1","115",1180,80.6244854884597,198.664596557617,003 - Ungeteilte Fahrbahn
"120","1","115",1190,75.5196690103637,198.618438720703,003 - Ungeteilte Fahrbahn
"121","1","115",1200,75.5196690103637,198.584060668945,003 - Ungeteilte Fahrbahn
"122","1","115",1210,75.5196690103637,198.489120483398,003 - Ungeteilte Fahrbahn
"123","1","115",1220,75.5196690103637,198.430526733398,003 - Ungeteilte Fahrbahn
"124","1","115",1230,75.5196690103637,198.398284912109,003 - Ungeteilte Fahrbahn
"125","1","115",1240,67.5933712253436,198.467422485352,002 - Fahrbahnteilung (keine Autobahn)
"126","1","115",1250,67.5933712253436,198.367263793945,002 - Fahrbahnteilung (keine Autobahn)
"127","1","115",1260,67.5933712253436,198.199615478516,002 - Fahrbahnteilung (keine Autobahn)
"128","1","115",1270,67.5933712253436,198.134170532227,002 - Fahrbahnteilung (keine Autobahn)
"129","1","115",1280,59.6074648342577,198.134170532227,003 - Ungeteilte Fahrbahn
"130","1","115",1290,59.6074648342577,198.19873046875,003 - Ungeteilte Fahrbahn
"131","1","115",1300,59.6074648342577,198.22395324707,003 - Ungeteilte Fahrbahn
"132","1","115",1310,38.5085990185906,198.264984130859,003 - Ungeteilte Fahrbahn
"133","1","115",1320,38.5085990185906,198.227874755859,003 - Ungeteilte Fahrbahn
"134","1","115",1330,38.5085990185906,198.2939453125,003 - Ungeteilte Fahrbahn
"135","1","115",1340,32.7762667002822,198.413421630859,003 - Ungeteilte Fahrbahn
"136","1","115",1350,32.7762667002822,198.499588012695,003 - Ungeteilte Fahrbahn
"137","1","115",1360,32.7762667002822,198.719436645508,003 - Ungeteilte Fahrbahn
"138","1","115",1370,32.7762667002822,198.719436645508,003 - Ungeteilte Fahrbahn
"139","1","115",1380,32.7762667002822,198.922821044922,003 - Ungeteilte Fahrbahn
"140","1","115",1390,32.7762667002822,199.117218017578,003 - Ungeteilte Fahrbahn
"141","1","115",1400,32.7762667002822,199.331161499023,003 - Ungeteilte Fahrbahn
"142","1","115",1410,32.7762667002822,199.541564941406,003 - Ungeteilte Fahrbahn
"143","1","115",1420,32.7762667002822,199.724304199219,003 - Ungeteilte Fahrbahn
"144","1","115",1430,33.997645018027,199.946426391602,003 - Ungeteilte Fahrbahn
"145","1","115",1440,33.997645018027,199.946426391602,003 - Ungeteilte Fahrbahn
"146","1","115",1450,33.997645018027,200.178131103516,003 - Ungeteilte Fahrbahn
"147","1","115",1460,33.997645018027,200.343994140625,003 - Ungeteilte Fahrbahn
"148","1","115",1470,33.997645018027,200.542007446289,003 - Ungeteilte Fahrbahn
"149","1","115",1480,33.997645018027,200.694808959961,003 - Ungeteilte Fahrbahn
"150","1","115",1490,37.8481744011142,200.928436279297,003 - Ungeteilte Fahrbahn
"151","1","115",1500,37.8481744011142,200.942428588867,003 - Ungeteilte Fahrbahn
"152","1","115",1510,37.8481744011142,201.126617431641,003 - Ungeteilte Fahrbahn
"153","1","115",1520,37.8481744011142,201.299942016602,003 - Ungeteilte Fahrbahn
"154","1","115",1530,37.8481744011142,201.429702758789,003 - Ungeteilte Fahrbahn
"155","1","115",1540,37.8481744011142,201.478866577148,003 - Ungeteilte Fahrbahn
"156","1","115",1550,37.8481744011142,201.613906860352,003 - Ungeteilte Fahrbahn
"157","1","115",1560,41.872506232928,201.691207885742,002 - Fahrbahnteilung (keine Autobahn)
"158","1","115",1570,41.872506232928,201.775314331055,002 - Fahrbahnteilung (keine Autobahn)
"159","1","115",1580,41.872506232928,201.899795532227,002 - Fahrbahnteilung (keine Autobahn)
"160","1","115",1590,41.872506232928,201.899795532227,002 - Fahrbahnteilung (keine Autobahn)
"161","1","115",1600,41.872506232928,201.976165771484,002 - Fahrbahnteilung (keine Autobahn)
"162","1","115",1610,45.5805786095163,202.043991088867,003 - Ungeteilte Fahrbahn
"163","1","115",1620,45.5805786095163,202.043991088867,003 - Ungeteilte Fahrbahn
"164","1","115",1630,49.5737517391231,202.14436340332,003 - Ungeteilte Fahrbahn
"165","1","115",1640,49.5737517391231,202.235198974609,003 - Ungeteilte Fahrbahn
"166","1","115",1650,49.5737517391231,202.195190429688,003 - Ungeteilte Fahrbahn
"167","1","115",1660,48.4954735863984,202.328323364258,002 - Fahrbahnteilung (keine Autobahn)
"168","1","115",1670,48.4954735863984,202.436325073242,002 - Fahrbahnteilung (keine Autobahn)
"169","1","115",1680,48.4954735863984,202.326232910156,002 - Fahrbahnteilung (keine Autobahn)
"170","1","115",1690,48.4954735863984,202.385116577148,002 - Fahrbahnteilung (keine Autobahn)
"171","1","115",1700,48.4954735863984,202.425994873047,002 - Fahrbahnteilung (keine Autobahn)
"172","1","115",1710,59.4358488423041,202.390670776367,003 - Ungeteilte Fahrbahn
"173","1","115",1720,59.4358488423041,202.364868164062,003 - Ungeteilte Fahrbahn
"174","1","115",1730,59.4358488423041,202.332046508789,003 - Ungeteilte Fahrbahn
"175","1","115",1740,59.4358488423041,202.320281982422,003 - Ungeteilte Fahrbahn
"176","1","115",1750,59.4358488423041,202.223236083984,003 - Ungeteilte Fahrbahn
"177","1","115",1760,60.505756348662,202.194625854492,003 - Ungeteilte Fahrbahn
"178","1","115",1770,60.505756348662,202.194625854492,003 - Ungeteilte Fahrbahn
"179","1","115",1780,60.505756348662,202.137023925781,003 - Ungeteilte Fahrbahn
"180","1","115",1790,60.505756348662,202.11100769043,003 - Ungeteilte Fahrbahn
"181","1","115",1800,60.505756348662,201.994827270508,003 - Ungeteilte Fahrbahn
"182","1","115",1810,60.505756348662,201.990036010742,003 - Ungeteilte Fahrbahn
"183","1","115",1820,60.505756348662,201.921417236328,003 - Ungeteilte Fahrbahn
"184","1","115",1830,60.505756348662,201.876052856445,003 - Ungeteilte Fahrbahn
"185","1","115",1840,60.6158049288349,201.832244873047,003 - Ungeteilte Fahrbahn
"186","1","115",1850,60.6158049288349,201.832244873047,003 - Ungeteilte Fahrbahn
"187","1","115",1860,60.6158049288349,201.792404174805,003 - Ungeteilte Fahrbahn
"188","1","115",1870,60.6158049288349,201.773788452148,003 - Ungeteilte Fahrbahn
"189","1","115",1880,60.6158049288349,201.8056640625,003 - Ungeteilte Fahrbahn
"190","1","115",1890,60.6158049288349,201.830413818359,003 - Ungeteilte Fahrbahn
"191","1","115",1900,60.6158049288349,201.812835693359,003 - Ungeteilte Fahrbahn
"192","1","115",1910,58.8748187033795,201.625274658203,003 - Ungeteilte Fahrbahn
"193","1","115",1920,58.8748187033795,201.795486450195,003 - Ungeteilte Fahrbahn
"194","1","115",1930,58.8589874081612,201.849029541016,003 - Ungeteilte Fahrbahn
"195","1","115",1940,58.8589874081612,201.945114135742,003 - Ungeteilte Fahrbahn
"196","1","115",1950,58.8589874081612,201.678741455078,003 - Ungeteilte Fahrbahn
"197","1","115",1960,127.472968894352,201.75634765625,003 - Ungeteilte Fahrbahn
"198","1","115",1970,127.472968894352,201.523513793945,003 - Ungeteilte Fahrbahn
"199","1","115",1980,90.8356934531536,201.394439697266,003 - Ungeteilte Fahrbahn
"200","1","115",1990,85.8456799227459,201.499206542969,003 - Ungeteilte Fahrbahn
"201","1","115",2000,79.341021325189,201.369522094727,003 - Ungeteilte Fahrbahn
"202","1","115",2010,66.2895242706239,201.164962768555,003 - Ungeteilte Fahrbahn
"203","1","115",2020,63.45574349409,200.953643798828,003 - Ungeteilte Fahrbahn
"204","1","115",2030,63.45574349409,200.924133300781,003 - Ungeteilte Fahrbahn
"205","1","115",2040,43.9728242163466,200.659423828125,003 - Ungeteilte Fahrbahn
"206","1","115",2050,43.9728242163466,200.522109985352,003 - Ungeteilte Fahrbahn
"207","1","115",2060,49.1498146576178,200.630279541016,003 - Ungeteilte Fahrbahn
"208","1","115",2070,52.9305071021464,200.303497314453,003 - Ungeteilte Fahrbahn
"209","1","115",2080,60.2453231089945,200.111190795898,003 - Ungeteilte Fahrbahn
"210","1","115",2090,38.5993994356154,199.97200012207,003 - Ungeteilte Fahrbahn
"211","1","115",2100,69.0143403738923,199.783126831055,003 - Ungeteilte Fahrbahn
"212","1","115",2110,69.0143403738923,199.667251586914,003 - Ungeteilte Fahrbahn
"213","1","115",2120,69.0143403738923,199.458831787109,003 - Ungeteilte Fahrbahn
"214","1","115",2130,72.4950839099675,199.458831787109,003 - Ungeteilte Fahrbahn
"215","1","115",2140,72.4950839099675,199.236938476562,003 - Ungeteilte Fahrbahn
"216","1","115",2150,72.4950839099675,199.145614624023,003 - Ungeteilte Fahrbahn
"217","1","115",2160,72.4950839099675,198.991821289062,003 - Ungeteilte Fahrbahn
"218","1","115",2170,72.4950839099675,198.712005615234,003 - Ungeteilte Fahrbahn
"219","1","115",2180,64.158730513993,198.643615722656,003 - Ungeteilte Fahrbahn
"220","1","115",2190,64.158730513993,198.570159912109,003 - Ungeteilte Fahrbahn
"221","1","115",2200,72.5283551070707,198.367172241211,003 - Ungeteilte Fahrbahn
"222","1","115",2210,72.5283551070707,198.254608154297,003 - Ungeteilte Fahrbahn
"223","1","115",2220,72.5283551070707,198.167373657227,003 - Ungeteilte Fahrbahn
"224","1","115",2230,72.5283551070707,198.171844482422,003 - Ungeteilte Fahrbahn
"225","1","115",2240,72.5283551070707,198.045867919922,003 - Ungeteilte Fahrbahn
"226","1","115",2250,72.5283551070707,197.995468139648,003 - Ungeteilte Fahrbahn
"227","1","115",2260,72.5283551070707,198.004653930664,003 - Ungeteilte Fahrbahn
"228","1","115",2270,72.5283551070707,197.914260864258,003 - Ungeteilte Fahrbahn
"229","1","115",2280,72.5283551070707,197.828308105469,003 - Ungeteilte Fahrbahn
"230","1","115",2290,72.5283551070707,197.739990234375,003 - Ungeteilte Fahrbahn
"231","1","115",2300,72.5283551070707,197.7900390625,003 - Ungeteilte Fahrbahn
"232","1","115",2310,72.5283551070707,197.712097167969,003 - Ungeteilte Fahrbahn
"233","1","115",2320,72.5283551070707,197.652160644531,003 - Ungeteilte Fahrbahn
"234","1","115",2330,72.5283551070707,197.652160644531,003 - Ungeteilte Fahrbahn
"235","1","115",2340,72.5283551070707,197.571197509766,003 - Ungeteilte Fahrbahn
"236","1","115",2350,72.5283551070707,197.596054077148,003 - Ungeteilte Fahrbahn
"237","1","115",2360,72.5175067108736,197.594177246094,003 - Ungeteilte Fahrbahn
"238","1","115",2370,72.5175067108736,197.539657592773,003 - Ungeteilte Fahrbahn
"239","1","115",2380,72.5175067108736,197.461120605469,003 - Ungeteilte Fahrbahn
"240","1","115",2390,70.0362909185787,197.358779907227,003 - Ungeteilte Fahrbahn
"241","1","115",2400,70.0362909185787,196.834686279297,003 - Ungeteilte Fahrbahn
"242","1","115",2410,70.0362909185787,197.244934082031,003 - Ungeteilte Fahrbahn
"243","1","115",2420,70.0362909185787,197.035629272461,003 - Ungeteilte Fahrbahn
"244","1","115",2430,70.0362909185787,197.064926147461,003 - Ungeteilte Fahrbahn
"245","1","115",2440,70.0362909185787,196.965850830078,003 - Ungeteilte Fahrbahn
"246","1","115",2450,70.0362909185787,196.864044189453,003 - Ungeteilte Fahrbahn
"247","1","115",2460,70.0362909185787,196.902893066406,003 - Ungeteilte Fahrbahn
"248","1","115",2470,70.0362909185787,196.808959960938,003 - Ungeteilte Fahrbahn
"249","1","115",2480,70.0362909185787,196.790267944336,003 - Ungeteilte Fahrbahn
"250","1","115",2490,70.0471537823456,196.857406616211,003 - Ungeteilte Fahrbahn
"251","1","115",2500,70.0471537823456,196.832626342773,003 - Ungeteilte Fahrbahn
"252","1","115",2510,70.0471537823456,196.832626342773,003 - Ungeteilte Fahrbahn
"253","1","115",2520,70.6668719638798,196.999633789062,003 - Ungeteilte Fahrbahn
"254","1","115",2530,70.6668719638798,196.861221313477,003 - Ungeteilte Fahrbahn
"255","1","115",2540,70.6668719638798,196.772644042969,003 - Ungeteilte Fahrbahn
"256","1","115",2550,70.6668719638798,196.892364501953,003 - Ungeteilte Fahrbahn
"257","1","115",2560,70.6668719638798,196.828094482422,003 - Ungeteilte Fahrbahn
"258","1","115",2570,69.1532076586116,196.759399414062,003 - Ungeteilte Fahrbahn
"259","1","115",2580,69.1532076586116,196.93815612793,003 - Ungeteilte Fahrbahn
"260","1","115",2590,69.1532076586116,196.842666625977,003 - Ungeteilte Fahrbahn
"261","1","115",2600,69.1532076586116,196.847625732422,003 - Ungeteilte Fahrbahn
"262","1","115",2610,69.1532076586116,196.953582763672,003 - Ungeteilte Fahrbahn
"263","1","115",2620,69.1532076586116,196.967559814453,003 - Ungeteilte Fahrbahn
"264","1","115",2630,63.7784601142356,197.078872680664,003 - Ungeteilte Fahrbahn
"265","1","115",2640,63.7784601142356,197.06640625,003 - Ungeteilte Fahrbahn
"266","1","115",2650,63.0235643069882,197.06640625,014 - Fußgängerzone
"267","1","115",2660,63.0235643069882,197.428909301758,014 - Fußgängerzone
"268","1","115",2670,63.0235643069882,197.26106262207,014 - Fußgängerzone
"269","1","115",2680,63.0235643069882,197.527130126953,014 - Fußgängerzone
"270","1","115",2690,63.0235643069882,197.381729125977,014 - Fußgängerzone
"271","1","115",2700,63.0235643069882,197.544647216797,014 - Fußgängerzone
"272","1","115",2710,63.0235643069882,197.454483032227,014 - Fußgängerzone
"273","1","115",2720,63.0235643069882,197.657257080078,014 - Fußgängerzone
"274","1","115",2730,59.6179568931075,197.667938232422,014 - Fußgängerzone
"275","1","115",2740,59.6179568931075,197.825103759766,014 - Fußgängerzone
"276","1","115",2750,59.6179568931075,197.689636230469,014 - Fußgängerzone
"277","1","115",2760,59.6179568931075,197.823104858398,014 - Fußgängerzone
"278","1","115",2770,59.6179568931075,197.750427246094,014 - Fußgängerzone
"279","1","115",2780,59.6179568931075,197.876724243164,014 - Fußgängerzone
"280","1","115",2790,59.6179568931075,197.737915039062,014 - Fußgängerzone
"281","1","115",2800,59.6179568931075,197.836196899414,014 - Fußgängerzone
"282","1","115",2810,59.6179568931075,197.836196899414,014 - Fußgängerzone
"283","1","115",2820,59.6179568931075,197.954574584961,014 - Fußgängerzone
"284","1","115",2830,59.6179568931075,197.825241088867,014 - Fußgängerzone
"285","1","115",2840,59.6179568931075,197.995132446289,014 - Fußgängerzone
"286","1","115",2850,55.2914785783275,197.903793334961,014 - Fußgängerzone
"287","1","115",2860,55.2914785783275,198.048309326172,014 - Fußgängerzone
"288","1","115",2870,55.2914785783275,197.955261230469,014 - Fußgängerzone
"289","1","115",2880,55.2914785783275,198.059356689453,014 - Fußgängerzone
"290","1","115",2890,55.2914785783275,198.000076293945,014 - Fußgängerzone
"291","1","115",2900,55.2914785783275,198.029296875,014 - Fußgängerzone
"292","1","115",2910,55.2914785783275,197.064407348633,014 - Fußgängerzone
"293","1","115",2920,55.2914785783275,198.086624145508,014 - Fußgängerzone
"294","1","115",2930,55.2914785783275,198.117065429688,014 - Fußgängerzone
"295","1","115",2940,56.044780448118,198.117065429688,014 - Fußgängerzone
"296","1","115",2950,56.044780448118,198.243240356445,014 - Fußgängerzone
"297","1","115",2960,56.044780448118,198.146179199219,014 - Fußgängerzone
"298","1","115",2970,59.2006124756496,198.229507446289,014 - Fußgängerzone
"299","1","115",2980,59.2006124756496,198.224273681641,014 - Fußgängerzone
"300","1","115",2990,59.2006124756496,198.278305053711,014 - Fußgängerzone
"301","1","115",3000,59.2006124756496,198.278305053711,014 - Fußgängerzone
"302","1","115",3010,59.2006124756496,198.354217529297,014 - Fußgängerzone
"303","1","115",3020,59.2006124756496,198.309616088867,014 - Fußgängerzone
"304","1","115",3030,59.2006124756496,198.363967895508,014 - Fußgängerzone
"305","1","115",3040,59.2006124756496,198.336624145508,014 - Fußgängerzone
"306","1","115",3050,59.2006124756496,198.322250366211,014 - Fußgängerzone
"307","1","115",3060,59.2006124756496,198.334045410156,014 - Fußgängerzone
"308","1","115",3070,59.0486776799845,198.334045410156,014 - Fußgängerzone
"309","1","115",3080,59.0486776799845,198.486206054688,014 - Fußgängerzone
"310","1","115",3090,62.739202934436,198.337966918945,003 - Ungeteilte Fahrbahn
"311","1","115",3100,62.739202934436,198.41145324707,003 - Ungeteilte Fahrbahn
"312","1","115",3110,62.739202934436,198.183349609375,003 - Ungeteilte Fahrbahn
"313","1","115",3120,62.739202934436,198.231094360352,003 - Ungeteilte Fahrbahn
"314","1","115",3130,62.739202934436,197.959930419922,003 - Ungeteilte Fahrbahn
"315","1","115",3140,62.739202934436,198.017562866211,003 - Ungeteilte Fahrbahn
"316","1","115",3150,62.739202934436,197.947418212891,003 - Ungeteilte Fahrbahn
"317","1","115",3160,62.739202934436,197.758224487305,003 - Ungeteilte Fahrbahn
"318","1","115",3170,62.739202934436,197.80126953125,003 - Ungeteilte Fahrbahn
"319","1","115",3180,62.739202934436,197.561645507812,003 - Ungeteilte Fahrbahn
"320","1","115",3190,62.739202934436,197.644927978516,003 - Ungeteilte Fahrbahn
"321","1","115",3200,62.739202934436,197.41569519043,003 - Ungeteilte Fahrbahn
"322","1","115",3210,62.739202934436,197.454345703125,003 - Ungeteilte Fahrbahn
"323","1","115",3220,62.739202934436,197.221588134766,003 - Ungeteilte Fahrbahn
"324","1","115",3230,62.739202934436,197.276626586914,003 - Ungeteilte Fahrbahn
"325","1","115",3240,63.400502832175,197.32243347168,003 - Ungeteilte Fahrbahn
"326","1","115",3250,63.400502832175,196.983901977539,003 - Ungeteilte Fahrbahn
"327","1","115",3260,63.400502832175,197.055358886719,003 - Ungeteilte Fahrbahn
"328","1","115",3270,63.400502832175,196.822280883789,003 - Ungeteilte Fahrbahn
"329","1","115",3280,63.4049996342272,196.814331054688,003 - Ungeteilte Fahrbahn
"330","1","115",3290,63.4049996342272,196.589569091797,003 - Ungeteilte Fahrbahn
"331","1","115",3300,63.3993072828688,196.606491088867,003 - Ungeteilte Fahrbahn
"332","1","115",3310,63.3993072828688,196.387466430664,003 - Ungeteilte Fahrbahn
"333","1","115",3320,63.3993072828688,196.408233642578,003 - Ungeteilte Fahrbahn
"334","1","115",3330,63.3993072828688,196.104995727539,003 - Ungeteilte Fahrbahn
"335","1","115",3340,68.4654354798124,196.104995727539,003 - Ungeteilte Fahrbahn
"336","1","115",3350,68.4654354798124,195.922668457031,003 - Ungeteilte Fahrbahn
"337","1","115",3360,68.4654354798124,195.557922363281,003 - Ungeteilte Fahrbahn
"338","1","115",3370,68.4654354798124,195.262954711914,003 - Ungeteilte Fahrbahn
"339","1","115",3380,68.4654354798124,195.01643371582,003 - Ungeteilte Fahrbahn
"340","1","115",3390,68.4654354798124,194.722381591797,003 - Ungeteilte Fahrbahn
"341","1","115",3400,68.4654354798124,194.624404907227,003 - Ungeteilte Fahrbahn
"342","1","115",3410,68.4654354798124,194.295501708984,003 - Ungeteilte Fahrbahn
"343","1","115",3420,68.7323908734945,194.091674804688,003 - Ungeteilte Fahrbahn
"344","1","115",3430,68.7323908734945,193.924667358398,003 - Ungeteilte Fahrbahn
"345","1","115",3440,68.7323908734945,193.564605712891,003 - Ungeteilte Fahrbahn
"346","1","115",3450,68.7323908734945,193.382278442383,003 - Ungeteilte Fahrbahn
"347","1","115",3460,68.7323908734945,193.151077270508,003 - Ungeteilte Fahrbahn
"348","1","115",3470,68.7323908734945,192.861709594727,003 - Ungeteilte Fahrbahn
"349","1","115",3480,68.7323908734945,192.861709594727,003 - Ungeteilte Fahrbahn
"350","1","115",3490,68.7323908734945,192.639068603516,003 - Ungeteilte Fahrbahn
"351","1","115",3500,68.7323908734945,192.198593139648,003 - Ungeteilte Fahrbahn
"352","1","115",3510,68.7323908734945,192.015823364258,003 - Ungeteilte Fahrbahn
"353","1","115",3520,68.7323908734945,191.540634155273,003 - Ungeteilte Fahrbahn
"354","1","115",3530,70.2307031024368,191.154235839844,003 - Ungeteilte Fahrbahn
"355","1","115",3540,70.2307031024368,190.843078613281,003 - Ungeteilte Fahrbahn
"356","1","115",3550,71.5629815911484,190.416549682617,003 - Ungeteilte Fahrbahn
"357","1","115",3560,70.1261536771038,190.01545715332,003 - Ungeteilte Fahrbahn
"358","1","115",3570,70.1261536771038,189.760650634766,003 - Ungeteilte Fahrbahn
"359","1","115",3580,67.4783493960902,189.162353515625,003 - Ungeteilte Fahrbahn
"360","1","115",3590,67.0386551413448,188.740570068359,003 - Ungeteilte Fahrbahn
"361","1","115",3600,58.8704911246907,188.244476318359,003 - Ungeteilte Fahrbahn
"362","1","115",3610,61.9475986207878,187.845321655273,003 - Ungeteilte Fahrbahn
"363","1","115",3620,57.3360540490494,187.704818725586,003 - Ungeteilte Fahrbahn
"364","1","115",3630,57.3360540490494,187.408004760742,003 - Ungeteilte Fahrbahn
"365","1","115",3640,54.2965900477122,186.980392456055,003 - Ungeteilte Fahrbahn
"366","1","115",3650,52.3744074083135,186.349151611328,003 - Ungeteilte Fahrbahn
"367","1","115",3660,48.648226951406,186.087036132812,003 - Ungeteilte Fahrbahn
"368","1","115",3670,46.008069857495,185.835418701172,003 - Ungeteilte Fahrbahn
"369","1","115",3680,46.008069857495,185.353958129883,003 - Ungeteilte Fahrbahn
"370","1","115",3690,42.0043285975084,185.105972290039,003 - Ungeteilte Fahrbahn
"371","1","115",3700,37.9999023388091,184.860763549805,003 - Ungeteilte Fahrbahn
"372","1","115",3710,37.9999023388091,184.377548217773,003 - Ungeteilte Fahrbahn
"373","1","115",3720,35.3614095450309,183.835098266602,003 - Ungeteilte Fahrbahn
"374","1","115",3730,34.9484647758182,183.835098266602,003 - Ungeteilte Fahrbahn
"375","1","115",3740,36.8822577486151,183.459808349609,003 - Ungeteilte Fahrbahn
"376","1","115",3750,34.5954375628833,183.208267211914,003 - Ungeteilte Fahrbahn
"377","1","115",3760,34.5954375628833,182.679428100586,003 - Ungeteilte Fahrbahn
"378","1","115",3770,34.5954375628833,182.286682128906,003 - Ungeteilte Fahrbahn
"379","1","115",3780,34.5954375628833,182.220520019531,003 - Ungeteilte Fahrbahn
"380","1","115",3790,34.5954375628833,181.972137451172,003 - Ungeteilte Fahrbahn
"381","1","115",3800,34.5954375628833,181.961563110352,003 - Ungeteilte Fahrbahn
"382","1","115",3810,32.7104725635229,181.725738525391,003 - Ungeteilte Fahrbahn
"383","1","115",3820,32.7104725635229,181.729248046875,003 - Ungeteilte Fahrbahn
